Metric,Value
accuracy,0.7917355371900826
precision,0.8105081826012058
recall,0.9671120246659815
f1_score,0.8819119025304593
