Metric,Value
accuracy,0.9128014842300557
precision,0.929220287660863
recall,0.9808230123851378
f1_score,0.9543245869776481
