Metric,Value
accuracy,0.9173076923076923
precision,0.9349722442505948
recall,0.9788293897882939
f1_score,0.9563982964915838
