Metric,Value
accuracy,0.7265715387581951
precision,0.7848101265822784
recall,0.8451472191930207
f1_score,0.8138619060120766
