Metric,Value
accuracy,0.6519587628865979
precision,0.6546134663341646
recall,0.9918136020151134
f1_score,0.7886830245368052
