Metric,Value
accuracy,0.9172043010752688
precision,0.9403855355251843
recall,0.9511278195488722
f1_score,0.9457224060561023