Metric,Value
accuracy,0.8173758865248227
precision,0.8655913978494624
recall,0.8586666666666667
f1_score,0.8621151271753681
