Metric,Value
accuracy,0.9445267492469645
precision,0.9613271901631075
recall,0.9734126984126984
f1_score,0.9673230842613439