Metric,Value
accuracy,0.9300518134715026
precision,0.9529652351738241
recall,0.9638055842812823
f1_score,0.9583547557840616
