Metric,Value
accuracy,0.6887550200803213
precision,0.7038123167155426
recall,0.8163265306122449
f1_score,0.7559055118110236
