Metric,Value
accuracy,0.6441717791411042
precision,0.7608200455580866
recall,0.7245119305856833
f1_score,0.7422222222222222
