Metric,Value
accuracy,0.8051020408163265
precision,0.9276236429433052
recall,0.8544444444444445
f1_score,0.8895315211104685
