Metric,Value
accuracy,0.9065180102915952
precision,0.9691011235955056
recall,0.9315931593159316
f1_score,0.9499770536943551